timestamp,comment
1729574344,A code present
1729574347,K code present
1729574349,B code present
1729574352,M code present
1729574355,B code present
1729574356,correct key pressed
1729574357,F code present
1729574360,J code present
1729574363,T code present
1729574366,P code present
1729574368,Q code present
1729574371,R code present
1729574374,Q code present
1729574375,correct key pressed
1729574376,N code present
1729574379,M code present
1729574382,U code present
1729574384,N code present
1729574390,M code present
1729574393,N code present
1729574395,Z code present
1729574395,confirm key pressed
1729574398,E code present
